<?xml version="1.0" encoding="UTF-8"?>
<!DOCTYPE configuration	PUBLIC "-//mybatis.org//DTD Config 3.0//EN"	"http://mybatis.org/dtd/mybatis-3-config.dtd">

<configuration>
	<typeAliases>
		<typeAlias type="model.SangpumDto" alias="sangpumDto"/> <!-- dto를 쓸 때 userbean하지 않고 xml에서 별명을 붙여 -->
	</typeAliases>


<environments default="development">
		<environment id="development">
			<transactionManager type="JDBC" />
			<dataSource type="POOLED">
				<property name="driver" value="com.mysql.jdbc.Driver" />
				<property name="url" value="jdbc:mysql://localhost/myweb?useSSL=false&amp;useUnicode=true&amp;characterEncoding=utf8" />
				<property name="username" value="root" />
				<property name="password" value="1005" />
			</dataSource>
		</environment>
	</environments>
	
	<mappers>
		<mapper resource="mybatis/mapper.xml"/> <!-- mapper와 함께 붙여 주는 구문 -->
	</mappers>


</configuration>
<!-- DB연결 -->